ssc_code,suburb,urban_area,postcode,state,state_name,type,local_goverment_area,statistic_area,elevation,population,median_income,sqkm,lat,lng,timezone
21237,Ivanhoe,Heidelberg,3079,VIC,Victoria,Major Urban locality,Banyule (City),Greater Melbourne,58,12171,45500,5.54,-37.76811,145.04575,Australia/Melbourne
22620,Viewbank,Heidelberg,3084,VIC,Victoria,Major Urban locality,Banyule (City),Greater Melbourne,48,6923,35568,4.546,-37.74066,145.09435,Australia/Melbourne
22877,Yallambie,Heidelberg,3085,VIC,Victoria,Major Urban locality,Banyule (City),Greater Melbourne,65,4117,42484,2.933,-37.72684,145.09522,Australia/Melbourne
20197,Bellfield,Heidelberg,3081,VIC,Victoria,Major Urban locality,Banyule (City),Greater Melbourne,64,1793,27872,0.931,-37.75299,145.03835,Australia/Melbourne
21160,Heidelberg West,Heidelberg,3081,VIC,Victoria,Major Urban locality,Banyule (City),Greater Melbourne,72,5545,23660,3.213,-37.73923,145.04522,Australia/Melbourne
21238,Ivanhoe East,Heidelberg,3079,VIC,Victoria,Major Urban locality,Banyule (City),Greater Melbourne,57,3815,49452,2.099,-37.77452,145.06287,Australia/Melbourne
21158,Heidelberg,Heidelberg,3084,VIC,Victoria,Major Urban locality,Banyule (City),Greater Melbourne,39,6225,43004,2.934,-37.75137,145.07099,Australia/Melbourne
22182,Rosanna,Heidelberg,3084,VIC,Victoria,Major Urban locality,Banyule (City),Greater Melbourne,64,8498,38688,3.374,-37.73984,145.07082,Australia/Melbourne
20819,Eaglemont,Heidelberg,3084,VIC,Victoria,Major Urban locality,Banyule (City),Greater Melbourne,46,3873,49192,2.207,-37.76315,145.06512,Australia/Melbourne
21159,Heidelberg Heights,Heidelberg,3081,VIC,Victoria,Major Urban locality,Banyule (City),Greater Melbourne,78,6087,35672,2.087,-37.74215,145.05347,Australia/Melbourne
21554,Macleod,Heidelberg,3085,VIC,Victoria,Major Urban locality,Banyule (City),Greater Melbourne,79,9769,38168,4.571,-37.72083,145.07569,Australia/Melbourne
21096,Greensborough,Watsonia,3088,VIC,Victoria,Major Urban locality,Banyule (City),Greater Melbourne,53,20821,39104,10.254,-37.69977,145.102,Australia/Melbourne
22709,Watsonia North,Watsonia,3087,VIC,Victoria,Major Urban locality,Banyule (City),Greater Melbourne,75,3814,35360,1.45,-37.69549,145.08481,Australia/Melbourne
20397,Bundoora,Watsonia,3083,VIC,Victoria,Major Urban locality,Banyule (City),Greater Melbourne,109,28653,25740,17.231,-37.70282,145.06449,Australia/Melbourne
22708,Watsonia,Watsonia,3087,VIC,Victoria,Major Urban locality,Banyule (City),Greater Melbourne,95,5214,36608,2.301,-37.70997,145.08533,Australia/Melbourne
22328,St Helena,Watsonia,3088,VIC,Victoria,Major Urban locality,Banyule (City),Greater Melbourne,101,2923,39624,1.639,-37.68984,145.12869,Australia/Melbourne
21723,Montmorency,Watsonia,3094,VIC,Victoria,Major Urban locality,Banyule (City),Greater Melbourne,93,8960,41340,3.832,-37.72058,145.12406,Australia/Melbourne
21537,Lower Plenty,Watsonia,3093,VIC,Victoria,Major Urban locality,Banyule (City),Greater Melbourne,53,3891,41236,6.822,-37.73855,145.11795,Australia/Melbourne
20329,Briar Hill,Watsonia,3088,VIC,Victoria,Major Urban locality,Banyule (City),Greater Melbourne,88,3152,39208,1.339,-37.70608,145.12166,Australia/Melbourne
20860,Eltham North,Watsonia,3095,VIC,Victoria,Major Urban locality,Banyule (City),Greater Melbourne,110,6805,41756,4.018,-37.69772,145.1418,Australia/Melbourne
20859,Eltham,Watsonia,3095,VIC,Victoria,Major Urban locality,Banyule (City),Greater Melbourne,82,18314,41964,16.587,-37.71466,145.1633,Australia/Melbourne
20335,Brighton,Bayside,3186,VIC,Victoria,Major Urban locality,Bayside (City),Greater Melbourne,18,23253,54496,8.37,-37.90784,144.99604,Australia/Melbourne
20336,Brighton East,Bayside,3187,VIC,Victoria,Major Urban locality,Bayside (City),Greater Melbourne,27,15998,43524,5.667,-37.91641,145.01953,Australia/Melbourne
20250,Black Rock,Bayside,3193,VIC,Victoria,Major Urban locality,Bayside (City),Greater Melbourne,31,6159,48516,3.185,-37.97356,145.02278,Australia/Melbourne
21123,Hampton,Bayside,3188,VIC,Victoria,Major Urban locality,Bayside (City),Greater Melbourne,22,13391,44980,4.291,-37.93771,145.00868,Australia/Melbourne
22223,Sandringham,Bayside,3191,VIC,Victoria,Major Urban locality,Bayside (City),Greater Melbourne,33,10241,48204,3.698,-37.95376,145.01333,Australia/Melbourne
21176,Highett,Bayside,3190,VIC,Victoria,Major Urban locality,Bayside (City),Greater Melbourne,38,10454,41288,3.658,-37.95066,145.04007,Australia/Melbourne
20536,Cheltenham,Bayside,3192,VIC,Victoria,Major Urban locality,Bayside (City),Greater Melbourne,43,22291,37232,10.576,-37.96196,145.06012,Australia/Melbourne
21124,Hampton East,Bayside,3188,VIC,Victoria,Major Urban locality,Bayside (City),Greater Melbourne,34,4689,36712,1.423,-37.93854,145.03114,Australia/Melbourne
20181,Beaumaris,Bayside,3193,VIC,Victoria,Major Urban locality,Bayside (City),Greater Melbourne,20,13349,45032,5.158,-37.98356,145.03905,Australia/Melbourne
20123,Balwyn North,Boroondara,3104,VIC,Victoria,Major Urban locality,Boroondara (City),Greater Melbourne,51,20406,36556,9.093,-37.79078,145.08524,Australia/Melbourne
22387,Surrey Hills,Boroondara,3127,VIC,Victoria,Major Urban locality,Boroondara (City),Greater Melbourne,103,13605,46748,4.432,-37.82528,145.09957,Australia/Melbourne
20722,Deepdene,Boroondara,3103,VIC,Victoria,Major Urban locality,Boroondara (City),Greater Melbourne,60,2035,40456,0.875,-37.81146,145.06616,Australia/Melbourne
20122,Balwyn,Boroondara,3103,VIC,Victoria,Major Urban locality,Boroondara (City),Greater Melbourne,76,13312,36920,4.399,-37.80995,145.08311,Australia/Melbourne
20466,Canterbury,Boroondara,3126,VIC,Victoria,Major Urban locality,Boroondara (City),Greater Melbourne,80,8056,47476,3.13,-37.8243,145.07312,Australia/Melbourne
21329,Kew East,Boroondara,3102,VIC,Victoria,Major Urban locality,Boroondara (City),Greater Melbourne,23,6635,43472,4.065,-37.7905,145.05066,Australia/Melbourne
20451,Camberwell,Boroondara,3124,VIC,Victoria,Major Urban locality,Boroondara (City),Greater Melbourne,61,22081,44304,7.589,-37.83564,145.07585,Australia/Melbourne
21720,Mont Albert,Boroondara,3127,VIC,Victoria,Major Urban locality,Boroondara (City),Greater Melbourne,101,4840,43888,1.702,-37.81786,145.10764,Australia/Melbourne
21003,Glen Iris,Boroondara,3146,VIC,Victoria,Major Urban locality,Boroondara (City),Greater Melbourne,42,25268,50180,8.231,-37.85619,145.06763,Australia/Melbourne
20076,Ashburton,Boroondara,3147,VIC,Victoria,Major Urban locality,Boroondara (City),Greater Melbourne,46,7751,42536,2.923,-37.86702,145.07761,Australia/Melbourne
21143,Hawthorn,Boroondara,3122,VIC,Victoria,Major Urban locality,Boroondara (City),Greater Melbourne,36,23511,49400,5.877,-37.82852,145.03044,Australia/Melbourne
21144,Hawthorn East,Boroondara,3123,VIC,Victoria,Major Urban locality,Boroondara (City),Greater Melbourne,54,14321,51012,3.484,-37.83202,145.04981,Australia/Melbourne
21328,Kew,Boroondara,3101,VIC,Victoria,Major Urban locality,Boroondara (City),Greater Melbourne,76,24605,47996,10.485,-37.80148,145.03089,Australia/Melbourne
21311,Keilor Park,Keilor,3042,VIC,Victoria,Major Urban locality,Brimbank (City),Greater Melbourne,73,2719,28860,3.35,-37.71881,144.85455,Australia/Melbourne
21306,Keilor,Keilor,3036,VIC,Victoria,Major Urban locality,Brimbank (City),Greater Melbourne,51,5853,35984,10.717,-37.70944,144.82628,Australia/Melbourne
22319,St Albans,Keilor,3021,VIC,Victoria,Major Urban locality,Brimbank (City),Greater Melbourne,64,37309,21684,12.868,-37.74814,144.80519,Australia/Melbourne
21304,Kealba,Keilor,3021,VIC,Victoria,Major Urban locality,Brimbank (City),Greater Melbourne,61,3194,30004,2.574,-37.73877,144.82727,Australia/Melbourne
21307,Keilor Downs,Keilor,3038,VIC,Victoria,Major Urban locality,Brimbank (City),Greater Melbourne,88,9995,26104,5.016,-37.72045,144.80416,Australia/Melbourne
22462,Taylors Lakes,Keilor,3038,VIC,Victoria,Major Urban locality,Brimbank (City),Greater Melbourne,102,15519,33332,7.476,-37.69664,144.78896,Australia/Melbourne
21309,Keilor Lodge,Keilor,3038,VIC,Victoria,Major Urban locality,Brimbank (City),Greater Melbourne,92,1752,34736,0.86,-37.69757,144.80048,Australia/Melbourne
21354,Kings Park,Keilor,3021,VIC,Victoria,Major Urban locality,Brimbank (City),Greater Melbourne,81,8198,21736,2.528,-37.73376,144.7722,Australia/Melbourne
20725,Delahey,Keilor,3037,VIC,Victoria,Major Urban locality,Brimbank (City),Greater Melbourne,97,8339,25064,3.506,-37.71884,144.77851,Australia/Melbourne
22402,Sydenham,Keilor,3037,VIC,Victoria,Major Urban locality,Brimbank (City),Greater Melbourne,112,10838,30992,3.56,-37.69612,144.76862,Australia/Melbourne
21184,Hillside,Keilor,3037,VIC,Victoria,Major Urban locality,Brimbank (City),Greater Melbourne,136,17056,35880,8.205,-37.69102,144.74154,Australia/Melbourne
22573,Tullamarine,Keilor,3043,VIC,Victoria,Major Urban locality,Brimbank (City),Greater Melbourne,92,6605,32448,7.49,-37.69765,144.86944,Australia/Melbourne
21308,Keilor East,Keilor,3033,VIC,Victoria,Major Urban locality,Brimbank (City),Greater Melbourne,70,14514,31720,8.902,-37.73872,144.85603,Australia/Melbourne
20440,Calder Park,Keilor,3037,VIC,Victoria,Major Urban locality,Brimbank (City),Greater Melbourne,128,0,0,2.691,-37.67625,144.75978,Australia/Melbourne
21310,Keilor North,Keilor,3036,VIC,Victoria,Major Urban locality,Brimbank (City),Greater Melbourne,109,67,20488,7.437,-37.68114,144.78373,Australia/Melbourne
22384,Sunshine North,Sunshine,3020,VIC,Victoria,Major Urban locality,Brimbank (City),Greater Melbourne,57,11700,22932,8.024,-37.7628,144.83507,Australia/Melbourne
22383,Sunshine,Sunshine,3020,VIC,Victoria,Major Urban locality,Brimbank (City),Greater Melbourne,40,9768,25688,4.732,-37.78977,144.83105,Australia/Melbourne
22385,Sunshine West,Sunshine,3020,VIC,Victoria,Major Urban locality,Brimbank (City),Greater Melbourne,38,18580,23140,9.311,-37.79922,144.8113,Australia/Melbourne
20020,Albion,Sunshine,3020,VIC,Victoria,Major Urban locality,Brimbank (City),Greater Melbourne,45,4731,26936,2.483,-37.776,144.81662,Australia/Melbourne
20061,Ardeer,Sunshine,3022,VIC,Victoria,Major Urban locality,Brimbank (City),Greater Melbourne,45,3103,26416,2.131,-37.77549,144.80298,Australia/Melbourne
20723,Deer Park,Sunshine,3023,VIC,Victoria,Major Urban locality,Brimbank (City),Greater Melbourne,54,18126,26312,8.576,-37.76701,144.77433,Australia/Melbourne
20439,Cairnlea,Sunshine,3023,VIC,Victoria,Major Urban locality,Brimbank (City),Greater Melbourne,60,9657,28548,4.406,-37.75868,144.79054,Australia/Melbourne
20016,Albanvale,Sunshine,3021,VIC,Victoria,Major Urban locality,Brimbank (City),Greater Melbourne,73,5491,22776,1.863,-37.74599,144.76819,Australia/Melbourne
20737,Derrimut,Sunshine,3030,VIC,Victoria,Major Urban locality,Brimbank (City),Greater Melbourne,42,8269,39104,13.03,-37.79841,144.78005,Australia/Melbourne
20350,Brooklyn,Sunshine,3012,VIC,Victoria,Major Urban locality,Brimbank (City),Greater Melbourne,28,1856,37960,5.475,-37.81401,144.84097,Australia/Melbourne
20862,Emerald,Cardinia,3782,VIC,Victoria,Major Urban locality,Cardinia (Shire),Greater Melbourne,333,5778,34996,50.424,-37.93245,145.43443,Australia/Melbourne
20569,Clematis,Cardinia,3782,VIC,Victoria,Major Urban locality,Cardinia (Shire),Greater Melbourne,236,350,33124,1.824,-37.93054,145.41787,Australia/Melbourne
20090,Avonsleigh,Cardinia,3782,VIC,Victoria,Major Urban locality,Cardinia (Shire),Greater Melbourne,191,852,36712,7.562,-37.91375,145.48884,Australia/Melbourne
20596,Cockatoo,Cardinia,3781,VIC,Victoria,Major Urban locality,Cardinia (Shire),Greater Melbourne,232,4256,36088,28.217,-37.92643,145.50901,Australia/Melbourne
20175,Beaconsfield Upper,Cardinia,3808,VIC,Victoria,Urban locality,Cardinia (Shire),Greater Melbourne,214,2861,42016,28.496,-37.99855,145.42478,Australia/Melbourne
21866,Nar Nar Goon,Cardinia,3812,VIC,Victoria,Urban locality,Cardinia (Shire),Greater Melbourne,16,1012,34892,51.988,-38.11186,145.56549,Australia/Melbourne
22585,Tynong,Cardinia,3813,VIC,Victoria,Urban locality,Cardinia (Shire),Greater Melbourne,21,456,32240,21.331,-38.09675,145.62704,Australia/Melbourne
20409,Bunyip,Cardinia,3815,VIC,Victoria,Urban locality,Cardinia (Shire),Greater Melbourne,38,2468,31564,24.237,-38.10205,145.7225,Australia/Melbourne
21608,Maryknoll,Cardinia,3812,VIC,Victoria,Urban locality,Cardinia (Shire),Greater Melbourne,100,577,33852,3.366,-38.03527,145.60482,Australia/Melbourne
20174,Beaconsfield,Cardinia,3807,VIC,Victoria,Major Urban locality,Cardinia (Shire),Greater Melbourne,101,6714,37856,10.813,-38.03964,145.38483,Australia/Melbourne
21372,Koo Wee Rup,Cardinia,3981,VIC,Victoria,Urban locality,Cardinia (Shire),Greater Melbourne,8,3579,33072,58.979,-38.19097,145.49318,Australia/Melbourne
20223,Berwick,Hallam - Berwick - Pearcedale,3806,VIC,Victoria,Major Urban locality,Casey (City),Greater Melbourne,60,47674,36764,33.147,-38.0421,145.34952,Australia/Melbourne
21131,Harkaway,Hallam - Berwick - Pearcedale,3806,VIC,Victoria,Major Urban locality,Casey (City),Greater Melbourne,202,849,39416,12.572,-37.99269,145.35722,Australia/Melbourne
21883,Narre Warren North,Hallam - Berwick - Pearcedale,3804,VIC,Victoria,Major Urban locality,Casey (City),Greater Melbourne,63,7674,35048,22.022,-37.98391,145.31811,Australia/Melbourne
21881,Narre Warren,Hallam - Berwick - Pearcedale,3805,VIC,Victoria,Major Urban locality,Casey (City),Greater Melbourne,35,26621,31512,14.391,-38.0204,145.30753,Australia/Melbourne
21884,Narre Warren South,Hallam - Berwick - Pearcedale,3805,VIC,Victoria,Major Urban locality,Casey (City),Greater Melbourne,27,30319,33280,13.234,-38.04961,145.30798,Australia/Melbourne
20660,Cranbourne North,Cranbourne,3977,VIC,Victoria,Major Urban locality,Casey (City),Greater Melbourne,52,20110,34736,10.239,-38.07753,145.29891,Australia/Melbourne
21125,Hampton Park,Cranbourne,3976,VIC,Victoria,Major Urban locality,Casey (City),Greater Melbourne,51,25530,28080,13.342,-38.0423,145.26757,Australia/Melbourne
21544,Lynbrook,Cranbourne,3975,VIC,Victoria,Major Urban locality,Casey (City),Greater Melbourne,27,8519,35100,4.07,-38.05703,145.25567,Australia/Melbourne
21545,Lyndhurst,Cranbourne,3975,VIC,Victoria,Major Urban locality,Casey (City),Greater Melbourne,21,6725,42900,9.313,-38.06492,145.22978,Australia/Melbourne
20658,Cranbourne,Cranbourne,3977,VIC,Victoria,Major Urban locality,Casey (City),Greater Melbourne,62,20094,30836,16.512,-38.11279,145.27232,Australia/Melbourne
20662,Cranbourne West,Cranbourne,3977,VIC,Victoria,Major Urban locality,Casey (City),Greater Melbourne,37,15035,36816,11.412,-38.10086,145.25141,Australia/Melbourne
20659,Cranbourne East,Cranbourne,3977,VIC,Victoria,Major Urban locality,Casey (City),Greater Melbourne,44,16195,36244,13.91,-38.11311,145.30685,Australia/Melbourne
21268,Junction Village,Cranbourne,3977,VIC,Victoria,Major Urban locality,Casey (City),Greater Melbourne,59,1017,27612,1.187,-38.13497,145.29201,Australia/Melbourne
20305,Botanic Ridge,Cranbourne,3977,VIC,Victoria,Major Urban locality,Casey (City),Greater Melbourne,77,3919,48776,6.163,-38.14095,145.26564,Australia/Melbourne
21117,Hallam,Hallam - Berwick - Pearcedale,3803,VIC,Victoria,Major Urban locality,Casey (City),Greater Melbourne,56,10852,25428,8.252,-38.00672,145.26929,Australia/Melbourne
20865,Endeavour Hills,Hallam - Berwick - Pearcedale,3802,VIC,Victoria,Major Urban locality,Casey (City),Greater Melbourne,52,24294,29328,15.489,-37.9689,145.25585,Australia/Melbourne
20883,Eumemmerring,Hallam - Berwick - Pearcedale,3177,VIC,Victoria,Major Urban locality,Casey (City),Greater Melbourne,29,1948,24648,1.12,-37.9979,145.24444,Australia/Melbourne
20777,Doveton,Hallam - Berwick - Pearcedale,3177,VIC,Victoria,Major Urban locality,Casey (City),Greater Melbourne,38,9358,23036,4.074,-37.98391,145.24047,Australia/Melbourne
21549,Lysterfield South,Hallam - Berwick - Pearcedale,3156,VIC,Victoria,Major Urban locality,Casey (City),Greater Melbourne,148,957,40924,4.573,-37.95305,145.2669,Australia/Melbourne
20259,Blind Bight,Hallam - Berwick - Pearcedale,3980,VIC,Victoria,Urban locality,Casey (City),Greater Melbourne,10,1251,34892,6.037,-38.21453,145.34106,Australia/Melbourne
22682,Warneet,Hallam - Berwick - Pearcedale,3980,VIC,Victoria,Urban locality,Casey (City),Greater Melbourne,4,536,33124,15.024,-38.22903,145.30058,Australia/Melbourne
20464,Cannons Creek,Hallam - Berwick - Pearcedale,3977,VIC,Victoria,Urban locality,Casey (City),Greater Melbourne,9,647,34528,8.212,-38.20762,145.31025,Australia/Melbourne
22038,Pearcedale,Hallam - Berwick - Pearcedale,3912,VIC,Victoria,Major Urban locality,Casey (City),Greater Melbourne,26,3821,32760,33.677,-38.19736,145.24176,Australia/Melbourne
20578,Clyde,Hallam - Berwick - Pearcedale,3978,VIC,Victoria,Urban locality,Casey (City),Greater Melbourne,10,2117,44356,39.463,-38.15079,145.35357,Australia/Melbourne
20579,Clyde North,Hallam - Berwick - Pearcedale,3978,VIC,Victoria,Major Urban locality,Casey (City),Greater Melbourne,44,8156,42536,29.384,-38.10008,145.3588,Australia/Melbourne
21959,Northcote,Northcote,3070,VIC,Victoria,Major Urban locality,Darebin (City),Greater Melbourne,64,24561,45708,6.009,-37.77226,144.99937,Australia/Melbourne
22496,Thornbury,Northcote,3071,VIC,Victoria,Major Urban locality,Darebin (City),Greater Melbourne,68,18568,40352,5.133,-37.75845,145.00574,Australia/Melbourne
20895,Fairfield,Northcote,3078,VIC,Victoria,Major Urban locality,Darebin (City),Greater Melbourne,35,6558,43160,3.538,-37.7844,145.01428,Australia/Melbourne
20033,Alphington,Northcote,3078,VIC,Victoria,Major Urban locality,Darebin (City),Greater Melbourne,37,5080,47580,2.817,-37.77809,145.03221,Australia/Melbourne
22109,Preston,Preston,3072,VIC,Victoria,Major Urban locality,Darebin (City),Greater Melbourne,79,32851,33124,11.468,-37.74183,145.00862,Australia/Melbourne
22149,Reservoir,Preston,3073,VIC,Victoria,Major Urban locality,Darebin (City),Greater Melbourne,91,50474,28132,18.967,-37.71239,145.00557,Australia/Melbourne
21355,Kingsbury,Preston,3083,VIC,Victoria,Major Urban locality,Darebin (City),Greater Melbourne,72,3780,23088,1.275,-37.71699,145.03356,Australia/Melbourne
20505,Carrum Downs,Frankston - East,3201,VIC,Victoria,Major Urban locality,Frankston (City),Greater Melbourne,28,20711,34892,20.308,-38.09708,145.17456,Australia/Melbourne
22280,Skye,Frankston - East,3977,VIC,Victoria,Major Urban locality,Frankston (City),Greater Melbourne,31,8096,37076,16.642,-38.10448,145.21337,Australia/Melbourne
21458,Langwarrin,Frankston - East,3910,VIC,Victoria,Major Urban locality,Frankston (City),Greater Melbourne,69,22588,37440,28.845,-38.15424,145.19549,Australia/Melbourne
21459,Langwarrin South,Frankston - East,3911,VIC,Victoria,Major Urban locality,Frankston (City),Greater Melbourne,93,1248,36296,8.775,-38.18878,145.18901,Australia/Melbourne
22221,Sandhurst,Frankston - East,3977,VIC,Victoria,Major Urban locality,Frankston (City),Greater Melbourne,18,4981,49088,3.174,-38.08169,145.20701,Australia/Melbourne
22238,Seaford,Frankston - West,3198,VIC,Victoria,Major Urban locality,Frankston (City),Greater Melbourne,9,16463,34528,12.397,-38.10624,145.14217,Australia/Melbourne
20942,Frankston North,Frankston - West,3200,VIC,Victoria,Major Urban locality,Frankston (City),Greater Melbourne,47,5762,24388,5.118,-38.12663,145.16064,Australia/Melbourne
20941,Frankston,Frankston - West,3199,VIC,Victoria,Major Urban locality,Frankston (City),Greater Melbourne,41,36097,30888,19.779,-38.15088,145.14145,Australia/Melbourne
20943,Frankston South,Frankston - West,3199,VIC,Victoria,Major Urban locality,Frankston (City),Greater Melbourne,98,18199,36712,14.56,-38.17676,145.12959,Australia/Melbourne
20858,Elsternwick,Glen Eira,3185,VIC,Victoria,Major Urban locality,Glen Eira (City),Greater Melbourne,25,10349,50544,2.603,-37.8868,145.00653,Australia/Melbourne
20520,Caulfield North,Glen Eira,3161,VIC,Victoria,Major Urban locality,Glen Eira (City),Greater Melbourne,46,15269,48568,4.202,-37.87081,145.02366,Australia/Melbourne
20521,Caulfield South,Glen Eira,3162,VIC,Victoria,Major Urban locality,Glen Eira (City),Greater Melbourne,27,11854,44980,3.273,-37.89466,145.02494,Australia/Melbourne
20518,Caulfield,Glen Eira,3162,VIC,Victoria,Major Urban locality,Glen Eira (City),Greater Melbourne,36,5595,40248,1.47,-37.88402,145.02656,Australia/Melbourne
21002,Glen Huntly,Glen Eira,3163,VIC,Victoria,Major Urban locality,Glen Eira (City),Greater Melbourne,50,5040,38428,0.894,-37.89224,145.04113,Australia/Melbourne
20495,Carnegie,Glen Eira,3163,VIC,Victoria,Major Urban locality,Glen Eira (City),Greater Melbourne,46,17388,37804,3.687,-37.89376,145.05608,Australia/Melbourne
22004,Ormond,Glen Eira,3204,VIC,Victoria,Major Urban locality,Glen Eira (City),Greater Melbourne,41,8417,39624,2.071,-37.90398,145.03998,Australia/Melbourne
21837,Murrumbeena,Glen Eira,3163,VIC,Victoria,Major Urban locality,Glen Eira (City),Greater Melbourne,48,9926,40560,2.632,-37.89637,145.06927,Australia/Melbourne
22333,St Kilda East,Glen Eira,3183,VIC,Victoria,Major Urban locality,Glen Eira (City),Greater Melbourne,22,13101,49972,2.265,-37.86798,145.00072,Australia/Melbourne
20958,Gardenvale,Glen Eira,3185,VIC,Victoria,Major Urban locality,Glen Eira (City),Greater Melbourne,16,1006,46384,0.259,-37.89817,145.00885,Australia/Melbourne
20519,Caulfield East,Glen Eira,3145,VIC,Victoria,Major Urban locality,Glen Eira (City),Greater Melbourne,45,1584,25792,1.259,-37.88119,145.04212,Australia/Melbourne
20213,Bentleigh,Glen Eira,3204,VIC,Victoria,Major Urban locality,Glen Eira (City),Greater Melbourne,31,16153,39104,4.714,-37.92267,145.03728,Australia/Melbourne
21618,McKinnon,Glen Eira,3204,VIC,Victoria,Major Urban locality,Glen Eira (City),Greater Melbourne,33,6064,37908,1.556,-37.91055,145.03849,Australia/Melbourne
20214,Bentleigh East,Glen Eira,3165,VIC,Victoria,Major Urban locality,Glen Eira (City),Greater Melbourne,52,27635,37024,9.037,-37.9222,145.06678,Australia/Melbourne
21941,Noble Park North,Greater Dandenong,3174,VIC,Victoria,Major Urban locality,Greater Dandenong (City),Greater Melbourne,57,7468,25792,3.75,-37.95202,145.18932,Australia/Melbourne
20702,Dandenong,Greater Dandenong,3175,VIC,Victoria,Major Urban locality,Greater Dandenong (City),Greater Melbourne,34,29906,23920,11.341,-37.98531,145.21389,Australia/Melbourne
20703,Dandenong North,Greater Dandenong,3175,VIC,Victoria,Major Urban locality,Greater Dandenong (City),Greater Melbourne,64,22451,25272,9.467,-37.95502,145.21456,Australia/Melbourne
20704,Dandenong South,Greater Dandenong,3175,VIC,Victoria,Major Urban locality,Greater Dandenong (City),Greater Melbourne,14,160,28028,29.514,-38.03058,145.21768,Australia/Melbourne
21940,Noble Park,Greater Dandenong,3174,VIC,Victoria,Major Urban locality,Greater Dandenong (City),Greater Melbourne,39,30998,25116,8.553,-37.96599,145.17767,Australia/Melbourne
21331,Keysborough,Greater Dandenong,3173,VIC,Victoria,Major Urban locality,Greater Dandenong (City),Greater Melbourne,10,25785,30160,21.714,-38.00638,145.166,Australia/Melbourne
22317,Springvale,Greater Dandenong,3171,VIC,Victoria,Major Urban locality,Greater Dandenong (City),Greater Melbourne,52,21714,21268,11.086,-37.94412,145.16191,Australia/Melbourne
22318,Springvale South,Greater Dandenong,3172,VIC,Victoria,Major Urban locality,Greater Dandenong (City),Greater Melbourne,34,12768,23400,4.588,-37.97179,145.14579,Australia/Melbourne
20130,Bangholme,Greater Dandenong,3175,VIC,Victoria,Major Urban locality,Greater Dandenong (City),Greater Melbourne,7,784,24544,23.51,-38.04673,145.17199,Australia/Melbourne
20036,Altona North,Altona,3025,VIC,Victoria,Major Urban locality,Hobsons Bay (City),Greater Melbourne,12,12152,26156,13.944,-37.83848,144.82824,Australia/Melbourne
20034,Altona,Altona,3018,VIC,Victoria,Major Urban locality,Hobsons Bay (City),Greater Melbourne,6,10762,38064,16.737,-37.86238,144.82227,Australia/Melbourne
22239,Seaholme,Altona,3018,VIC,Victoria,Major Urban locality,Hobsons Bay (City),Greater Melbourne,6,1928,38740,0.947,-37.86451,144.84443,Australia/Melbourne
21467,Laverton,Tarneit - Hoppers Crossing,3028,VIC,Victoria,Major Urban locality,Hobsons Bay (City),Greater Melbourne,12,4915,25792,3.76,-37.85785,144.76565,Australia/Melbourne
20035,Altona Meadows,Altona,3028,VIC,Victoria,Major Urban locality,Hobsons Bay (City),Greater Melbourne,8,19160,30784,10.54,-37.88002,144.7811,Australia/Melbourne
22236,Seabrook,Altona,3028,VIC,Victoria,Major Urban locality,Hobsons Bay (City),Greater Melbourne,12,5124,35568,1.62,-37.88082,144.75905,Australia/Melbourne
21922,Newport,Altona,3015,VIC,Victoria,Major Urban locality,Hobsons Bay (City),Greater Melbourne,15,12916,50648,5.006,-37.84549,144.88329,Australia/Melbourne
22778,Williamstown,Altona,3016,VIC,Victoria,Major Urban locality,Hobsons Bay (City),Greater Melbourne,9,13969,46748,5.578,-37.86101,144.88365,Australia/Melbourne
22779,Williamstown North,Altona,3016,VIC,Victoria,Major Urban locality,Hobsons Bay (City),Greater Melbourne,5,1593,39780,1.795,-37.85287,144.87096,Australia/Melbourne
22308,Spotswood,Altona,3015,VIC,Victoria,Major Urban locality,Hobsons Bay (City),Greater Melbourne,18,2604,48776,3.163,-37.83064,144.88628,Australia/Melbourne
22298,South Kingsville,Altona,3015,VIC,Victoria,Major Urban locality,Hobsons Bay (City),Greater Melbourne,20,1947,47528,0.731,-37.8295,144.86967,Australia/Melbourne
20453,Campbellfield,Broadmeadows,3061,VIC,Victoria,Major Urban locality,Hume (City),Greater Melbourne,138,5056,19552,12.247,-37.66639,144.95619,Australia/Melbourne
20344,Broadmeadows,Broadmeadows,3047,VIC,Victoria,Major Urban locality,Hume (City),Greater Melbourne,133,11970,20384,7.961,-37.67998,144.9317,Australia/Melbourne
20697,Dallas,Broadmeadows,3047,VIC,Victoria,Major Urban locality,Hume (City),Greater Melbourne,134,6810,19552,2.425,-37.67261,144.93662,Australia/Melbourne
20620,Coolaroo,Broadmeadows,3048,VIC,Victoria,Major Urban locality,Hume (City),Greater Melbourne,146,3191,19864,3.136,-37.65472,144.93441,Australia/Melbourne
21239,Jacana,Broadmeadows,3047,VIC,Victoria,Major Urban locality,Hume (City),Greater Melbourne,117,2128,23192,1.1,-37.68788,144.91132,Australia/Melbourne
21624,Meadow Heights,Broadmeadows,3048,VIC,Victoria,Major Urban locality,Hume (City),Greater Melbourne,140,14842,19500,4.625,-37.65104,144.91916,Australia/Melbourne
20997,Gladstone Park,Broadmeadows,3043,VIC,Victoria,Major Urban locality,Hume (City),Greater Melbourne,107,8338,27664,3.864,-37.69259,144.89596,Australia/Melbourne
22747,Westmeadows,Broadmeadows,3049,VIC,Victoria,Major Urban locality,Hume (City),Greater Melbourne,95,5848,31928,5.013,-37.67594,144.89421,Australia/Melbourne
21630,Melbourne Airport,Broadmeadows,3045,VIC,Victoria,Major Urban locality,Hume (City),Greater Melbourne,106,104,80600,27.041,-37.6757,144.83596,Australia/Melbourne
20903,Fawkner,Broadmeadows,3060,VIC,Victoria,Major Urban locality,Hume (City),Greater Melbourne,84,14043,23452,5.23,-37.70487,144.96982,Australia/Melbourne
22197,Roxburgh Park,Craigieburn - Sunbury,3064,VIC,Victoria,Major Urban locality,Hume (City),Greater Melbourne,189,21817,21008,6.88,-37.62575,144.92544,Australia/Melbourne
22293,Somerton,Craigieburn - Sunbury,3062,VIC,Victoria,Major Urban locality,Hume (City),Greater Melbourne,158,0,0,5.41,-37.63373,144.95445,Australia/Melbourne
20081,Attwood,Craigieburn - Sunbury,3049,VIC,Victoria,Major Urban locality,Hume (City),Greater Melbourne,125,3419,36296,5.059,-37.66714,144.88338,Australia/Melbourne
21097,Greenvale,Craigieburn - Sunbury,3059,VIC,Victoria,Major Urban locality,Hume (City),Greater Melbourne,178,15466,34892,30.563,-37.63489,144.87453,Australia/Melbourne
20657,Craigieburn,Craigieburn - Sunbury,3064,VIC,Victoria,Major Urban locality,Hume (City),Greater Melbourne,221,50347,32032,35.446,-37.58137,144.92254,Australia/Melbourne
20379,Bulla,Craigieburn - Sunbury,3428,VIC,Victoria,Urban locality,Hume (City),Greater Melbourne,131,675,32760,33.685,-37.62971,144.79817,Australia/Melbourne
21664,Mickleham,Craigieburn - Sunbury,3064,VIC,Victoria,Major Urban locality,Hume (City),Greater Melbourne,260,3142,40664,54.726,-37.54663,144.89917,Australia/Melbourne
21276,Kalkallo,Craigieburn - Sunbury,3064,VIC,Victoria,Major Urban locality,Hume (City),Greater Melbourne,237,105,28600,7.022,-37.52646,144.96131,Australia/Melbourne
21987,Oaklands Junction,Craigieburn - Sunbury,3063,VIC,Victoria,Major Urban locality,Hume (City),Greater Melbourne,233,433,40248,36.154,-37.58013,144.83666,Australia/Melbourne
22379,Sunbury,Craigieburn - Sunbury,3429,VIC,Victoria,Urban locality,Hume (City),Greater Melbourne,310,36084,36036,132.223,-37.55337,144.70645,Australia/Melbourne
22025,Parkdale,Chelsea,3195,VIC,Victoria,Major Urban locality,Kingston (City),Greater Melbourne,19,11746,41132,3.568,-37.99391,145.08148,Australia/Melbourne
20752,Dingley Village,Chelsea,3172,VIC,Victoria,Major Urban locality,Kingston (City),Greater Melbourne,35,10320,36140,8.16,-37.97417,145.12758,Australia/Melbourne
20567,Clayton South,Chelsea,3169,VIC,Victoria,Major Urban locality,Kingston (City),Greater Melbourne,50,12642,25428,7.938,-37.94397,145.1242,Australia/Melbourne
20563,Clarinda,Chelsea,3169,VIC,Victoria,Major Urban locality,Kingston (City),Greater Melbourne,41,7481,26780,3.509,-37.94195,145.10672,Australia/Melbourne
21990,Oakleigh South,Chelsea,3167,VIC,Victoria,Major Urban locality,Kingston (City),Greater Melbourne,60,9261,30992,6.652,-37.92698,145.0964,Australia/Melbourne
21734,Moorabbin,Chelsea,3189,VIC,Victoria,Major Urban locality,Kingston (City),Greater Melbourne,43,5895,35724,4.583,-37.94142,145.05695,Australia/Melbourne
21154,Heatherton,Chelsea,3202,VIC,Victoria,Major Urban locality,Kingston (City),Greater Melbourne,31,2907,38168,7.117,-37.95551,145.09387,Australia/Melbourne
21637,Mentone,Chelsea,3194,VIC,Victoria,Major Urban locality,Kingston (City),Greater Melbourne,27,12965,40768,4.528,-37.98293,145.07487,Australia/Melbourne
21748,Mordialloc,Chelsea,3195,VIC,Victoria,Major Urban locality,Kingston (City),Greater Melbourne,7,8166,43212,4.407,-37.99833,145.0951,Australia/Melbourne
20318,Braeside,Chelsea,3195,VIC,Victoria,Major Urban locality,Kingston (City),Greater Melbourne,8,21,33748,8.539,-38.0015,145.12398,Australia/Melbourne
22707,Waterways,Chelsea,3195,VIC,Victoria,Major Urban locality,Kingston (City),Greater Melbourne,4,2461,42536,1.695,-38.01532,145.13014,Australia/Melbourne
21735,Moorabbin Airport,Chelsea,3194,VIC,Victoria,Major Urban locality,Kingston (City),Greater Melbourne,14,0,0,2.998,-37.97794,145.09892,Australia/Melbourne
20079,Aspendale Gardens,Chelsea,3195,VIC,Victoria,Major Urban locality,Kingston (City),Greater Melbourne,6,6530,34788,3.24,-38.02291,145.11898,Australia/Melbourne
20078,Aspendale,Chelsea,3195,VIC,Victoria,Major Urban locality,Kingston (City),Greater Melbourne,5,6940,41184,3.029,-38.02208,145.10147,Australia/Melbourne
20842,Edithvale,Chelsea,3196,VIC,Victoria,Major Urban locality,Kingston (City),Greater Melbourne,7,5806,40976,2.065,-38.03779,145.11503,Australia/Melbourne
20277,Bonbeach,Chelsea,3196,VIC,Victoria,Major Urban locality,Kingston (City),Greater Melbourne,7,6416,41236,2.798,-38.06295,145.12788,Australia/Melbourne
20534,Chelsea,Chelsea,3196,VIC,Victoria,Major Urban locality,Kingston (City),Greater Melbourne,8,7773,37752,2.625,-38.04966,145.12154,Australia/Melbourne
20504,Carrum,Chelsea,3197,VIC,Victoria,Major Urban locality,Kingston (City),Greater Melbourne,8,3980,39364,1.555,-38.07708,145.128,Australia/Melbourne
20535,Chelsea Heights,Chelsea,3196,VIC,Victoria,Major Urban locality,Kingston (City),Greater Melbourne,7,5335,35048,3.196,-38.04019,145.13396,Australia/Melbourne
22035,Patterson Lakes,Chelsea,3197,VIC,Victoria,Major Urban locality,Kingston (City),Greater Melbourne,8,7564,39156,4.269,-38.06746,145.14413,Australia/Melbourne
20172,Bayswater,Wantrina - Rowville - Ferntree Gully,3153,VIC,Victoria,Major Urban locality,Knox (City),Greater Melbourne,117,11758,33332,7.926,-37.84631,145.26278,Australia/Melbourne
20302,Boronia,Wantrina - Rowville - Ferntree Gully,3155,VIC,Victoria,Major Urban locality,Knox (City),Greater Melbourne,115,22195,34216,11.34,-37.85382,145.28417,Australia/Melbourne
20911,Ferntree Gully,Wantrina - Rowville - Ferntree Gully,3156,VIC,Victoria,Major Urban locality,Knox (City),Greater Melbourne,97,26428,34580,14.001,-37.88618,145.28207,Australia/Melbourne
22601,Upper Ferntree Gully,Wantrina - Rowville - Ferntree Gully,3156,VIC,Victoria,Major Urban locality,Knox (City),Greater Melbourne,147,3416,36244,3.352,-37.89866,145.31168,Australia/Melbourne
22484,The Basin,Wantrina - Rowville - Ferntree Gully,3154,VIC,Victoria,Major Urban locality,Knox (City),Greater Melbourne,171,4416,36764,5.754,-37.85596,145.32324,Australia/Melbourne
22673,Wantirna South,Wantrina - Rowville - Ferntree Gully,3152,VIC,Victoria,Major Urban locality,Knox (City),Greater Melbourne,74,19271,32448,14,-37.8709,145.2227,Australia/Melbourne
22231,Scoresby,Wantrina - Rowville - Ferntree Gully,3179,VIC,Victoria,Major Urban locality,Knox (City),Greater Melbourne,62,6022,32916,8.69,-37.90525,145.21796,Australia/Melbourne
22672,Wantirna,Wantrina - Rowville - Ferntree Gully,3152,VIC,Victoria,Major Urban locality,Knox (City),Greater Melbourne,124,13818,33124,8.26,-37.85342,145.22378,Australia/Melbourne
21366,Knoxfield,Wantrina - Rowville - Ferntree Gully,3180,VIC,Victoria,Major Urban locality,Knox (City),Greater Melbourne,94,7462,32864,5.465,-37.8866,145.24813,Australia/Melbourne
22196,Rowville,Wantrina - Rowville - Ferntree Gully,3178,VIC,Victoria,Major Urban locality,Knox (City),Greater Melbourne,80,33672,36400,21.969,-37.92589,145.24318,Australia/Melbourne
21548,Lysterfield,Wantrina - Rowville - Ferntree Gully,3156,VIC,Victoria,Major Urban locality,Knox (City),Greater Melbourne,146,6663,39572,31.584,-37.93408,145.30083,Australia/Melbourne
21447,Lancefield,Macedon Ranges,3435,VIC,Victoria,Urban locality,Macedon Ranges (Shire),Greater Melbourne,471,2455,33384,123.773,-37.26426,144.69073,Australia/Melbourne
22181,Romsey,Macedon Ranges,3434,VIC,Victoria,Urban locality,Macedon Ranges (Shire),Greater Melbourne,534,4746,34060,81.224,-37.35493,144.72052,Australia/Melbourne
20994,Gisborne,Macedon Ranges,3437,VIC,Victoria,Urban locality,Macedon Ranges (Shire),Greater Melbourne,494,8999,39104,96.662,-37.50673,144.57153,Australia/Melbourne
21789,Mount Macedon,Macedon Ranges,3441,VIC,Victoria,Urban locality,Macedon Ranges (Shire),Greater Melbourne,730,1335,44564,34.017,-37.38988,144.59247,Australia/Melbourne
21552,Macedon,Macedon Ranges,3440,VIC,Victoria,Urban locality,Macedon Ranges (Shire),Greater Melbourne,511,2040,39520,38.973,-37.42366,144.56118,Australia/Melbourne
22024,Park Orchards,Manningham,3114,VIC,Victoria,Major Urban locality,Manningham (City),Greater Melbourne,127,3822,40976,9.475,-37.77596,145.21332,Australia/Melbourne
22810,Wonga Park,Manningham,3115,VIC,Victoria,Urban locality,Manningham (City),Greater Melbourne,120,3796,40872,23.217,-37.73549,145.26584,Australia/Melbourne
22689,Warrandyte,Manningham,3113,VIC,Victoria,Major Urban locality,Manningham (City),Greater Melbourne,57,5502,40664,17.343,-37.75106,145.21011,Australia/Melbourne
20768,Donvale,Manningham,3111,VIC,Victoria,Major Urban locality,Manningham (City),Greater Melbourne,84,12347,34788,11.691,-37.78639,145.19453,Australia/Melbourne
22164,Ringwood North,Manningham,3134,VIC,Victoria,Major Urban locality,Manningham (City),Greater Melbourne,155,9832,38324,5.229,-37.79211,145.23151,Australia/Melbourne
20766,Doncaster East,Manningham,3109,VIC,Victoria,Major Urban locality,Manningham (City),Greater Melbourne,112,28360,29588,11.108,-37.77523,145.16444,Australia/Melbourne
22471,Templestowe,Manningham,3106,VIC,Victoria,Major Urban locality,Manningham (City),Greater Melbourne,72,16618,35464,16.118,-37.75626,145.14806,Australia/Melbourne
20765,Doncaster,Manningham,3108,VIC,Victoria,Major Urban locality,Manningham (City),Greater Melbourne,113,20946,29744,8.85,-37.78284,145.12239,Australia/Melbourne
20384,Bulleen,Manningham,3105,VIC,Victoria,Major Urban locality,Manningham (City),Greater Melbourne,57,10873,31356,6.514,-37.76699,145.08593,Australia/Melbourne
22472,Templestowe Lower,Manningham,3107,VIC,Victoria,Major Urban locality,Manningham (City),Greater Melbourne,48,13429,33124,5.876,-37.76428,145.11236,Australia/Melbourne
21973,Nunawading,Manningham,3131,VIC,Victoria,Major Urban locality,Manningham (City),Greater Melbourne,134,11876,34476,5.079,-37.81692,145.17652,Australia/Melbourne
20929,Footscray,Maribyrnong,3011,VIC,Victoria,Major Urban locality,Maribyrnong (City),Greater Melbourne,25,16345,32396,5.05,-37.80083,144.89789,Australia/Melbourne
22902,Yarraville,Maribyrnong,3013,VIC,Victoria,Major Urban locality,Maribyrnong (City),Greater Melbourne,15,14965,48048,5.659,-37.81811,144.88221,Australia/Melbourne
22245,Seddon,Maribyrnong,3011,VIC,Victoria,Major Urban locality,Maribyrnong (City),Greater Melbourne,24,5123,48672,0.917,-37.80646,144.8922,Australia/Melbourne
21357,Kingsville,Maribyrnong,3012,VIC,Victoria,Major Urban locality,Maribyrnong (City),Greater Melbourne,23,3946,44460,0.725,-37.80771,144.87733,Australia/Melbourne
22742,West Footscray,Maribyrnong,3012,VIC,Victoria,Major Urban locality,Maribyrnong (City),Greater Melbourne,36,11450,36088,3.746,-37.8016,144.87306,Australia/Melbourne
21565,Maidstone,Maribyrnong,3012,VIC,Victoria,Major Urban locality,Maribyrnong (City),Greater Melbourne,39,9032,33540,3.16,-37.78163,144.87456,Australia/Melbourne
20322,Braybrook,Maribyrnong,3019,VIC,Victoria,Major Urban locality,Maribyrnong (City),Greater Melbourne,44,9195,22048,4.325,-37.78489,144.85386,Australia/Melbourne
21593,Maribyrnong,Maribyrnong,3032,VIC,Victoria,Major Urban locality,Maribyrnong (City),Greater Melbourne,39,12216,40508,5.493,-37.77242,144.88736,Australia/Melbourne
22543,Tottenham,Maribyrnong,3012,VIC,Victoria,Major Urban locality,Maribyrnong (City),Greater Melbourne,31,3,53248,2.152,-37.80591,144.8506,Australia/Melbourne
20677,Croydon,Maroondah,3136,VIC,Victoria,Major Urban locality,Maroondah (City),Greater Melbourne,130,26946,34684,14.1,-37.79134,145.2815,Australia/Melbourne
22691,Warranwood,Maroondah,3134,VIC,Victoria,Major Urban locality,Maroondah (City),Greater Melbourne,159,4807,41860,2.997,-37.77302,145.25052,Australia/Melbourne
20173,Bayswater North,Maroondah,3153,VIC,Victoria,Major Urban locality,Maroondah (City),Greater Melbourne,108,8789,37232,6.572,-37.82616,145.28203,Australia/Melbourne
20678,Croydon Hills,Maroondah,3136,VIC,Victoria,Major Urban locality,Maroondah (City),Greater Melbourne,136,4992,38688,2.337,-37.77437,145.26612,Australia/Melbourne
20679,Croydon North,Maroondah,3136,VIC,Victoria,Major Urban locality,Maroondah (City),Greater Melbourne,107,7860,37804,4.007,-37.77379,145.28579,Australia/Melbourne
22163,Ringwood East,Maroondah,3135,VIC,Victoria,Major Urban locality,Maroondah (City),Greater Melbourne,151,10265,35724,4.677,-37.81229,145.25183,Australia/Melbourne
20680,Croydon South,Maroondah,3136,VIC,Victoria,Major Urban locality,Maroondah (City),Greater Melbourne,131,4572,35516,2.592,-37.81565,145.27807,Australia/Melbourne
21346,Kilsyth,Maroondah,3137,VIC,Victoria,Major Urban locality,Maroondah (City),Greater Melbourne,129,10891,34528,9.33,-37.81918,145.31819,Australia/Melbourne
21347,Kilsyth South,Maroondah,3137,VIC,Victoria,Major Urban locality,Maroondah (City),Greater Melbourne,134,2988,35984,3.353,-37.83104,145.30999,Australia/Melbourne
21156,Heathmont,Maroondah,3135,VIC,Victoria,Major Urban locality,Maroondah (City),Greater Melbourne,140,9688,38688,4.462,-37.82885,145.24601,Australia/Melbourne
22162,Ringwood,Maroondah,3134,VIC,Victoria,Major Urban locality,Maroondah (City),Greater Melbourne,131,17471,33800,10.121,-37.80992,145.23887,Australia/Melbourne
22614,Vermont,Maroondah,3133,VIC,Victoria,Major Urban locality,Maroondah (City),Greater Melbourne,136,10442,35672,4.61,-37.83873,145.19949,Australia/Melbourne
21629,Melbourne,Melbourne - Central,3000,VIC,Victoria,Major Urban locality,Melbourne (City),Greater Melbourne,19,47285,27664,6.505,-37.82744,144.97142,Australia/Melbourne
20760,Docklands,Melbourne - Central,3008,VIC,Victoria,Major Urban locality,Melbourne (City),Greater Melbourne,0,10964,50440,3.148,-37.81803,144.93794,Australia/Melbourne
22304,Southbank,Melbourne - Central,3006,VIC,Victoria,Major Urban locality,Melbourne (City),Greater Melbourne,12,18709,50908,1.564,-37.82535,144.95917,Australia/Melbourne
22302,South Wharf,Melbourne - Central,3006,VIC,Victoria,Major Urban locality,Melbourne (City),Greater Melbourne,6,106,93184,0.29,-37.82533,144.95192,Australia/Melbourne
20824,East Melbourne,Melbourne - Central,3002,VIC,Victoria,Major Urban locality,Melbourne (City),Greater Melbourne,32,4964,69732,1.856,-37.81542,144.98136,Australia/Melbourne
22303,South Yarra,Melbourne - Central,3141,VIC,Victoria,Major Urban locality,Melbourne (City),Greater Melbourne,19,25147,58552,3.548,-37.83822,144.99138,Australia/Melbourne
20492,Carlton,Melbourne - Central,3053,VIC,Victoria,Major Urban locality,Melbourne (City),Greater Melbourne,54,18535,17472,1.749,-37.80009,144.96709,Australia/Melbourne
21954,North Melbourne,Melbourne - Central,3051,VIC,Victoria,Major Urban locality,Melbourne (City),Greater Melbourne,20,14940,30472,2.362,-37.79688,144.94694,Australia/Melbourne
22026,Parkville,Melbourne - Central,3052,VIC,Victoria,Major Urban locality,Melbourne (City),Greater Melbourne,36,7409,22724,4.049,-37.7885,144.95102,Australia/Melbourne
21319,Kensington,Melbourne - Central,3031,VIC,Victoria,Major Urban locality,Melbourne (City),Greater Melbourne,25,10812,52624,2.131,-37.79484,144.92538,Australia/Melbourne
22743,West Melbourne,Melbourne - Central,3003,VIC,Victoria,Major Urban locality,Melbourne (City),Greater Melbourne,8,5515,44304,6.582,-37.81076,144.93095,Australia/Melbourne
22095,Port Melbourne,Melbourne - Central,3207,VIC,Victoria,Major Urban locality,Melbourne (City),Greater Melbourne,8,16175,63596,9.57,-37.83478,144.92342,Australia/Melbourne
20493,Carlton North,Melbourne - Central,3054,VIC,Victoria,Major Urban locality,Melbourne (City),Greater Melbourne,47,6300,51532,1.871,-37.78564,144.96843,Australia/Melbourne
20923,Flemington,Melbourne - Central,3031,VIC,Victoria,Major Urban locality,Melbourne (City),Greater Melbourne,20,7719,31408,2.872,-37.78728,144.92154,Australia/Melbourne
20497,Caroline Springs,Melton,3023,VIC,Victoria,Major Urban locality,Melton (City),Greater Melbourne,86,24205,38688,8.335,-37.73137,144.73717,Australia/Melbourne
22461,Taylors Hill,Melton,3037,VIC,Victoria,Major Urban locality,Melton (City),Greater Melbourne,107,14921,35932,4.585,-37.71499,144.75326,Australia/Melbourne
20417,Burnside,Melton,3023,VIC,Victoria,Major Urban locality,Melton (City),Greater Melbourne,74,4751,28184,2.552,-37.75021,144.75245,Australia/Melbourne
20418,Burnside Heights,Melton,3023,VIC,Victoria,Major Urban locality,Melton (City),Greater Melbourne,82,6072,36296,1.995,-37.73299,144.7559,Australia/Melbourne
22073,Plumpton,Melton,3335,VIC,Victoria,Major Urban locality,Melton (City),Greater Melbourne,133,4324,45916,58.732,-37.68704,144.69488,Australia/Melbourne
21631,Melton,Melton,3337,VIC,Victoria,Urban locality,Melton (City),Greater Melbourne,143,8069,25064,20.373,-37.67536,144.60745,Australia/Melbourne
21633,Melton West,Melton,3337,VIC,Victoria,Urban locality,Melton (City),Greater Melbourne,163,17589,33488,26.192,-37.66274,144.54411,Australia/Melbourne
21403,Kurunjang,Melton,3337,VIC,Victoria,Urban locality,Melton (City),Greater Melbourne,156,10070,32136,10.364,-37.66207,144.5919,Australia/Melbourne
20349,Brookfield,Melton,3338,VIC,Victoria,Urban locality,Melton (City),Greater Melbourne,118,9216,33592,10.982,-37.70129,144.5408,Australia/Melbourne
21632,Melton South,Melton,3338,VIC,Victoria,Urban locality,Melton (City),Greater Melbourne,111,11517,27456,30.491,-37.72095,144.57848,Australia/Melbourne
22648,Wallan,Wallan - Seymour,3756,VIC,Victoria,Urban locality,Mitchell (Shire),Greater Melbourne,363,11074,36920,69.61,-37.40701,144.961,Australia/Melbourne
21152,Heathcote Junction,Wallan - Seymour,3758,VIC,Victoria,Urban locality,Mitchell (Shire),Greater Melbourne,370,839,36036,10.834,-37.38133,145.04363,Australia/Melbourne
22663,Wandong,Wallan - Seymour,3758,VIC,Victoria,Urban locality,Mitchell (Shire),Greater Melbourne,343,1340,36036,33.872,-37.35628,145.02391,Australia/Melbourne
22704,Waterford Park,Wallan - Seymour,3658,VIC,Victoria,Urban locality,Mitchell (Shire),Greater Melbourne,259,193,36712,0.19,-37.30045,145.0664,Australia/Melbourne
20525,Chadstone,Oakleigh,3148,VIC,Victoria,Major Urban locality,Monash (City),Greater Melbourne,81,8641,33176,3.12,-37.88301,145.09996,Australia/Melbourne
21989,Oakleigh East,Oakleigh,3166,VIC,Victoria,Major Urban locality,Monash (City),Greater Melbourne,86,6444,31304,2.058,-37.90597,145.11381,Australia/Melbourne
21205,Hughesdale,Oakleigh,3166,VIC,Victoria,Major Urban locality,Monash (City),Greater Melbourne,56,7556,36348,2.01,-37.89833,145.0812,Australia/Melbourne
20566,Clayton,Oakleigh,3168,VIC,Victoria,Major Urban locality,Monash (City),Greater Melbourne,87,19358,17160,7.821,-37.91526,145.12899,Australia/Melbourne
21209,Huntingdale,Oakleigh,3166,VIC,Victoria,Major Urban locality,Monash (City),Greater Melbourne,80,1862,35152,0.798,-37.90675,145.1086,Australia/Melbourne
21988,Oakleigh,Oakleigh,3166,VIC,Victoria,Major Urban locality,Monash (City),Greater Melbourne,74,7893,34216,3.477,-37.89968,145.09602,Australia/Melbourne
21815,Mulgrave,Wheelers Hill,3170,VIC,Victoria,Major Urban locality,Monash (City),Greater Melbourne,86,19368,31668,10.719,-37.92029,145.17259,Australia/Melbourne
22752,Wheelers Hill,Wheelers Hill,3150,VIC,Victoria,Major Urban locality,Monash (City),Greater Melbourne,121,19753,32448,10.439,-37.90733,145.18438,Australia/Melbourne
21006,Glen Waverley,Wheelers Hill,3150,VIC,Victoria,Major Urban locality,Monash (City),Greater Melbourne,121,40327,29172,16.84,-37.88232,145.17162,Australia/Melbourne
21804,Mount Waverley,Mount Waverley,3149,VIC,Victoria,Major Urban locality,Monash (City),Greater Melbourne,121,33611,33592,15.185,-37.87838,145.12845,Australia/Melbourne
20077,Ashwood,Mount Waverley,3147,VIC,Victoria,Major Urban locality,Monash (City),Greater Melbourne,50,6886,33800,2.545,-37.86571,145.10239,Australia/Melbourne
21962,Notting Hill,Mount Waverley,3168,VIC,Victoria,Major Urban locality,Monash (City),Greater Melbourne,102,3050,25168,1.59,-37.90532,145.14058,Australia/Melbourne
20424,Burwood,Mount Waverley,3125,VIC,Victoria,Major Urban locality,Monash (City),Greater Melbourne,64,15019,23192,6.083,-37.84873,145.11361,Australia/Melbourne
22559,Travancore,Moonee Valley,3032,VIC,Victoria,Major Urban locality,Moonee Valley (City),Greater Melbourne,27,2480,39052,0.418,-37.78203,144.93509,Australia/Melbourne
20074,Ascot Vale,Moonee Valley,3032,VIC,Victoria,Major Urban locality,Moonee Valley (City),Greater Melbourne,20,14750,42848,3.836,-37.77984,144.91646,Australia/Melbourne
21730,Moonee Ponds,Moonee Valley,3039,VIC,Victoria,Major Urban locality,Moonee Valley (City),Greater Melbourne,46,14250,44720,4.355,-37.76537,144.9197,Australia/Melbourne
20879,Essendon,Moonee Valley,3040,VIC,Victoria,Major Urban locality,Moonee Valley (City),Greater Melbourne,54,20596,44668,6.159,-37.74923,144.91226,Australia/Melbourne
22369,Strathmore,Moonee Valley,3041,VIC,Victoria,Major Urban locality,Moonee Valley (City),Greater Melbourne,68,8419,43056,3.453,-37.73017,144.91823,Australia/Melbourne
20881,Essendon North,Moonee Valley,3041,VIC,Victoria,Major Urban locality,Moonee Valley (City),Greater Melbourne,67,2987,43004,0.732,-37.73953,144.90134,Australia/Melbourne
20003,Aberfeldie,Moonee Valley,3040,VIC,Victoria,Major Urban locality,Moonee Valley (City),Greater Melbourne,29,3897,45604,1.552,-37.75987,144.89813,Australia/Melbourne
21930,Niddrie,Moonee Valley,3042,VIC,Victoria,Major Urban locality,Moonee Valley (City),Greater Melbourne,45,5479,40300,1.777,-37.73971,144.88263,Australia/Melbourne
20014,Airport West,Moonee Valley,3042,VIC,Victoria,Major Urban locality,Moonee Valley (City),Greater Melbourne,77,7564,35516,3.675,-37.72265,144.87818,Australia/Melbourne
22370,Strathmore Heights,Moonee Valley,3041,VIC,Victoria,Major Urban locality,Moonee Valley (City),Greater Melbourne,74,1004,38844,0.691,-37.71392,144.89651,Australia/Melbourne
20088,Avondale Heights,Moonee Valley,3034,VIC,Victoria,Major Urban locality,Moonee Valley (City),Greater Melbourne,45,11633,27352,5.409,-37.76295,144.8649,Australia/Melbourne
20882,Essendon West,Moonee Valley,3040,VIC,Victoria,Major Urban locality,Moonee Valley (City),Greater Melbourne,36,1439,37960,1.026,-37.75489,144.88375,Australia/Melbourne
20880,Essendon Fields,Moonee Valley,3041,VIC,Victoria,Major Urban locality,Moonee Valley (City),Greater Melbourne,87,0,0,3.355,-37.72436,144.90355,Australia/Melbourne
20094,Bacchus Marsh,Moorabool,3340,VIC,Victoria,Urban locality,Moorabool (Shire),Greater Melbourne,102,6394,30524,10.949,-37.67833,144.44715,Australia/Melbourne
20707,Darley,Moorabool,3340,VIC,Victoria,Urban locality,Moorabool (Shire),Greater Melbourne,161,8372,34944,26.945,-37.63646,144.42412,Australia/Melbourne
21559,Maddingley,Moorabool,3340,VIC,Victoria,Urban locality,Moorabool (Shire),Greater Melbourne,152,3453,35880,25.563,-37.70107,144.4165,Australia/Melbourne
21193,Hopetoun Park,Moorabool,3340,VIC,Victoria,Urban locality,Moorabool (Shire),Greater Melbourne,143,798,36608,7.424,-37.69419,144.50133,Australia/Melbourne
20360,Brunswick East,Brunswick,3057,VIC,Victoria,Major Urban locality,Moreland (City),Greater Melbourne,48,11504,47632,2.257,-37.76856,144.97818,Australia/Melbourne
20359,Brunswick,Brunswick,3056,VIC,Victoria,Major Urban locality,Moreland (City),Greater Melbourne,53,24473,42484,4.984,-37.76678,144.96276,Australia/Melbourne
20361,Brunswick West,Brunswick,3055,VIC,Victoria,Major Urban locality,Moreland (City),Greater Melbourne,32,14159,38584,3.249,-37.76448,144.94029,Australia/Melbourne
20919,Fitzroy North,Brunswick,3068,VIC,Victoria,Major Urban locality,Moreland (City),Greater Melbourne,39,12339,52052,2.464,-37.78356,144.98573,Australia/Melbourne
22030,Pascoe Vale South,Coburg,3044,VIC,Victoria,Major Urban locality,Moreland (City),Greater Melbourne,55,10069,37492,3.042,-37.74336,144.93826,Australia/Melbourne
22029,Pascoe Vale,Coburg,3044,VIC,Victoria,Major Urban locality,Moreland (City),Greater Melbourne,75,17051,38012,4.981,-37.72489,144.93585,Australia/Melbourne
20592,Coburg,Coburg,3058,VIC,Victoria,Major Urban locality,Moreland (City),Greater Melbourne,62,26185,35100,6.918,-37.74493,144.9645,Australia/Melbourne
20593,Coburg North,Coburg,3058,VIC,Victoria,Major Urban locality,Moreland (City),Greater Melbourne,64,7601,33228,4.784,-37.72704,144.96737,Australia/Melbourne
21116,Hadfield,Moreland - North,3046,VIC,Victoria,Major Urban locality,Moreland (City),Greater Melbourne,78,5610,25532,3.043,-37.71061,144.95004,Australia/Melbourne
21040,Glenroy,Moreland - North,3046,VIC,Victoria,Major Urban locality,Moreland (City),Greater Melbourne,95,22245,28028,9.224,-37.70422,144.92838,Australia/Melbourne
21986,Oak Park,Moreland - North,3046,VIC,Victoria,Major Urban locality,Moreland (City),Greater Melbourne,78,6205,39260,2.032,-37.71827,144.91557,Australia/Melbourne
21072,Gowanbrae,Moreland - North,3043,VIC,Victoria,Major Urban locality,Moreland (City),Greater Melbourne,98,2773,42068,1.048,-37.70419,144.89684,Australia/Melbourne
20120,Balnarring Beach,Mornington - East,3926,VIC,Victoria,Urban locality,Mornington Peninsula (Shire),Greater Melbourne,13,418,41392,0.801,-38.39194,145.1213,Australia/Melbourne
20168,Baxter,Mornington - East,3911,VIC,Victoria,Major Urban locality,Mornington Peninsula (Shire),Greater Melbourne,53,2162,33020,9.915,-38.19766,145.15309,Australia/Melbourne
22294,Somerville,Mornington - East,3912,VIC,Victoria,Major Urban locality,Mornington Peninsula (Shire),Greater Melbourne,22,11336,34580,38.651,-38.23152,145.20366,Australia/Melbourne
22292,Somers,Mornington - East,3927,VIC,Victoria,Major Urban locality,Mornington Peninsula (Shire),Greater Melbourne,16,1667,36556,14.911,-38.38073,145.16033,Australia/Melbourne
21136,Hastings,Mornington - East,3915,VIC,Victoria,Major Urban locality,Mornington Peninsula (Shire),Greater Melbourne,10,9609,27248,25.906,-38.29793,145.1868,Australia/Melbourne
22581,Tyabb,Mornington - East,3913,VIC,Victoria,Major Urban locality,Mornington Peninsula (Shire),Greater Melbourne,24,3338,35672,23.616,-38.26631,145.19745,Australia/Melbourne
20669,Crib Point,Mornington - East,3919,VIC,Victoria,Major Urban locality,Mornington Peninsula (Shire),Greater Melbourne,20,3183,29900,6.563,-38.35644,145.20232,Australia/Melbourne
21186,Hmas Cerberus,Mornington - East,3920,VIC,Victoria,Major Urban locality,Mornington Peninsula (Shire),Greater Melbourne,17,1040,42900,15.403,-38.38171,145.20044,Australia/Melbourne
21652,Merricks Beach,Mornington - East,3926,VIC,Victoria,Urban locality,Mornington Peninsula (Shire),Greater Melbourne,26,127,41080,0.623,-38.3983,145.10729,Australia/Melbourne
22137,Red Hill South,Mornington - South,3937,VIC,Victoria,Urban locality,Mornington Peninsula (Shire),Greater Melbourne,150,603,39468,15.101,-38.38377,145.03384,Australia/Melbourne
22136,Red Hill,Mornington - South,3937,VIC,Victoria,Urban locality,Mornington Peninsula (Shire),Greater Melbourne,181,924,38376,23.591,-38.36214,145.01501,Australia/Melbourne
20782,Dromana,Mornington - South,3936,VIC,Victoria,Major Urban locality,Mornington Peninsula (Shire),Greater Melbourne,23,5803,29952,30.295,-38.33175,145.00133,Australia/Melbourne
22211,Safety Beach,Mornington - South,3936,VIC,Victoria,Major Urban locality,Mornington Peninsula (Shire),Greater Melbourne,12,4821,31720,5.947,-38.316,144.99961,Australia/Melbourne
20924,Flinders,Mornington - South,3929,VIC,Victoria,Urban locality,Mornington Peninsula (Shire),Greater Melbourne,131,905,44252,55.132,-38.4554,144.97397,Australia/Melbourne
21614,McCrae,Mornington - South,3938,VIC,Victoria,Major Urban locality,Mornington Peninsula (Shire),Greater Melbourne,58,2823,32136,4.29,-38.35439,144.93241,Australia/Melbourne
22186,Rosebud,Mornington - South,3939,VIC,Victoria,Major Urban locality,Mornington Peninsula (Shire),Greater Melbourne,31,13195,26364,14.042,-38.37094,144.91382,Australia/Melbourne
20071,Arthurs Seat,Mornington - South,3936,VIC,Victoria,Urban locality,Mornington Peninsula (Shire),Greater Melbourne,246,394,38376,8.815,-38.3614,144.96049,Australia/Melbourne
20256,Blairgowrie,Mornington - South,3942,VIC,Victoria,Major Urban locality,Mornington Peninsula (Shire),Greater Melbourne,10,2313,32292,6.286,-38.37085,144.76982,Australia/Melbourne
22209,Rye,Mornington - South,3941,VIC,Victoria,Major Urban locality,Mornington Peninsula (Shire),Greater Melbourne,31,8416,28860,17.824,-38.387,144.81247,Australia/Melbourne
22537,Tootgarook,Mornington - South,3941,VIC,Victoria,Major Urban locality,Mornington Peninsula (Shire),Greater Melbourne,9,2869,27352,3.488,-38.37745,144.85138,Australia/Melbourne
22187,Rosebud West,Mornington - South,3940,VIC,Victoria,Major Urban locality,Mornington Peninsula (Shire),Greater Melbourne,8,4930,25012,5.464,-38.3729,144.8736,Australia/Melbourne
22295,Sorrento,Mornington - South,3943,VIC,Victoria,Major Urban locality,Mornington Peninsula (Shire),Greater Melbourne,14,1592,35256,7.014,-38.34374,144.74302,Australia/Melbourne
22101,Portsea,Mornington - South,3944,VIC,Victoria,Major Urban locality,Mornington Peninsula (Shire),Greater Melbourne,37,510,59644,11.328,-38.32383,144.69489,Australia/Melbourne
22322,St Andrews Beach,Mornington - South,3941,VIC,Victoria,Major Urban locality,Mornington Peninsula (Shire),Greater Melbourne,13,889,36920,3.079,-38.41947,144.83142,Australia/Melbourne
21791,Mount Martha,Mornington - West,3934,VIC,Victoria,Major Urban locality,Mornington Peninsula (Shire),Greater Melbourne,66,18548,37804,30.209,-38.27378,145.03085,Australia/Melbourne
21751,Mornington,Mornington - West,3931,VIC,Victoria,Major Urban locality,Mornington Peninsula (Shire),Greater Melbourne,50,23989,32500,21.093,-38.22805,145.06241,Australia/Melbourne
21781,Mount Eliza,Mornington - West,3930,VIC,Victoria,Major Urban locality,Mornington Peninsula (Shire),Greater Melbourne,102,17888,39520,23.208,-38.19365,145.09499,Australia/Melbourne
21352,Kinglake West,Strathbogie - Mansfield - Murimbindi,3757,VIC,Victoria,Urban locality,Murrindindi (Shire),Greater Melbourne,524,1166,34268,65.301,-37.47733,145.25078,Australia/Melbourne
22052,Pheasant Creek,Strathbogie - Mansfield - Murimbindi,3757,VIC,Victoria,Urban locality,Murrindindi (Shire),Greater Melbourne,531,322,32656,17.535,-37.46961,145.29085,Australia/Melbourne
22148,Research,Nillumbik,3095,VIC,Victoria,Major Urban locality,Nillumbik (Shire),Greater Melbourne,115,2649,43888,9.61,-37.70576,145.18884,Australia/Melbourne
21957,North Warrandyte,Nillumbik,3113,VIC,Victoria,Major Urban locality,Nillumbik (Shire),Greater Melbourne,67,2956,43784,8.766,-37.72625,145.21604,Australia/Melbourne
22072,Plenty,Nillumbik,3090,VIC,Victoria,Major Urban locality,Nillumbik (Shire),Greater Melbourne,130,2364,43576,10.975,-37.66546,145.11095,Australia/Melbourne
20746,Diamond Creek,Nillumbik,3089,VIC,Victoria,Major Urban locality,Nillumbik (Shire),Greater Melbourne,87,11733,40820,17.836,-37.66086,145.15223,Australia/Melbourne
21214,Hurstbridge,Nillumbik,3099,VIC,Victoria,Major Urban locality,Nillumbik (Shire),Greater Melbourne,89,3450,37960,14.842,-37.63698,145.1967,Australia/Melbourne
22020,Panton Hill,Nillumbik,3759,VIC,Victoria,Urban locality,Nillumbik (Shire),Greater Melbourne,165,1062,41912,21.09,-37.64068,145.25059,Australia/Melbourne
22321,St Andrews,Nillumbik,3761,VIC,Victoria,Urban locality,Nillumbik (Shire),Greater Melbourne,207,1226,35620,39.79,-37.57873,145.28774,Australia/Melbourne
20861,Elwood,Port Phillip,3184,VIC,Victoria,Major Urban locality,Port Phillip (City),Greater Melbourne,6,15543,60528,2.595,-37.88102,144.98575,Australia/Melbourne
20104,Balaclava,Port Phillip,3183,VIC,Victoria,Major Urban locality,Port Phillip (City),Greater Melbourne,13,5396,49452,0.764,-37.87069,144.99485,Australia/Melbourne
22332,St Kilda,Port Phillip,3182,VIC,Victoria,Major Urban locality,Port Phillip (City),Greater Melbourne,15,20230,52572,3.178,-37.86423,144.98148,Australia/Melbourne
22334,St Kilda West,Port Phillip,3182,VIC,Victoria,Major Urban locality,Port Phillip (City),Greater Melbourne,9,3162,59956,0.529,-37.85845,144.97119,Australia/Melbourne
22167,Ripponlea,Port Phillip,3185,VIC,Victoria,Major Urban locality,Port Phillip (City),Greater Melbourne,15,1576,46384,0.286,-37.87889,144.99467,Australia/Melbourne
22791,Windsor,Port Phillip,3181,VIC,Victoria,Major Urban locality,Port Phillip (City),Greater Melbourne,23,7281,51844,1.082,-37.85461,144.99154,Australia/Melbourne
22299,South Melbourne,Port Phillip,3205,VIC,Victoria,Major Urban locality,Port Phillip (City),Greater Melbourne,15,10920,54548,2.19,-37.83398,144.95629,Australia/Melbourne
21666,Middle Park,Port Phillip,3206,VIC,Victoria,Major Urban locality,Port Phillip (City),Greater Melbourne,7,4143,63388,0.848,-37.85078,144.96227,Australia/Melbourne
20017,Albert Park,Port Phillip,3206,VIC,Victoria,Major Urban locality,Port Phillip (City),Greater Melbourne,8,6215,60008,2.839,-37.84562,144.96136,Australia/Melbourne
22106,Prahran,Glen Eira,3181,VIC,Victoria,Major Urban locality,Stonnington (City),Greater Melbourne,38,12982,56888,1.861,-37.85309,145.00244,Australia/Melbourne
22534,Toorak,Glen Eira,3142,VIC,Victoria,Major Urban locality,Stonnington (City),Greater Melbourne,51,12909,63284,4.273,-37.84103,145.01794,Australia/Melbourne
20065,Armadale,Glen Eira,3143,VIC,Victoria,Major Urban locality,Stonnington (City),Greater Melbourne,50,9054,55068,2.155,-37.8576,145.01992,Australia/Melbourne
21576,Malvern,Glen Eira,3144,VIC,Victoria,Major Urban locality,Stonnington (City),Greater Melbourne,54,10066,58136,2.915,-37.85832,145.03534,Australia/Melbourne
21385,Kooyong,Glen Eira,3144,VIC,Victoria,Major Urban locality,Stonnington (City),Greater Melbourne,19,817,59644,0.506,-37.84108,145.03573,Australia/Melbourne
21577,Malvern East,Glen Eira,3145,VIC,Victoria,Major Urban locality,Stonnington (City),Greater Melbourne,48,21707,41080,7.722,-37.87819,145.06463,Australia/Melbourne
21721,Mont Albert North,Box Hill,3129,VIC,Victoria,Major Urban locality,Whitehorse (City),Greater Melbourne,73,5503,39468,2.164,-37.80278,145.11019,Australia/Melbourne
20314,Box Hill South,Box Hill,3128,VIC,Victoria,Major Urban locality,Whitehorse (City),Greater Melbourne,94,8434,31876,3.49,-37.83678,145.12323,Australia/Melbourne
20312,Box Hill,Box Hill,3128,VIC,Victoria,Major Urban locality,Whitehorse (City),Greater Melbourne,95,11395,24596,3.522,-37.82151,145.12618,Australia/Melbourne
20313,Box Hill North,Box Hill,3129,VIC,Victoria,Major Urban locality,Whitehorse (City),Greater Melbourne,77,11874,30212,3.967,-37.80538,145.12901,Australia/Melbourne
21694,Mitcham,Nunawading - East,3132,VIC,Victoria,Major Urban locality,Whitehorse (City),Greater Melbourne,145,16148,38844,6.627,-37.81695,145.199,Australia/Melbourne
22615,Vermont South,Nunawading - East,3133,VIC,Victoria,Major Urban locality,Whitehorse (City),Greater Melbourne,93,11678,30680,6.184,-37.85528,145.18976,Australia/Melbourne
20931,Forest Hill,Nunawading - East,3131,VIC,Victoria,Major Urban locality,Whitehorse (City),Greater Melbourne,122,10626,30264,4.07,-37.84138,145.17103,Australia/Melbourne
20253,Blackburn South,Nunawading - West,3130,VIC,Victoria,Major Urban locality,Whitehorse (City),Greater Melbourne,107,10793,31824,3.597,-37.83926,145.14662,Australia/Melbourne
20425,Burwood East,Nunawading - West,3151,VIC,Victoria,Major Urban locality,Whitehorse (City),Greater Melbourne,127,10273,26728,4.263,-37.85371,145.15035,Australia/Melbourne
20251,Blackburn,Nunawading - West,3130,VIC,Victoria,Major Urban locality,Whitehorse (City),Greater Melbourne,102,13940,38896,5.899,-37.82155,145.15203,Australia/Melbourne
20252,Blackburn North,Nunawading - West,3130,VIC,Victoria,Major Urban locality,Whitehorse (City),Greater Melbourne,89,7436,33540,2.709,-37.80459,145.15507,Australia/Melbourne
22300,South Morang,Whittlesea,3752,VIC,Victoria,Major Urban locality,Whittlesea (City),Greater Melbourne,152,24060,36556,21.454,-37.63733,145.08291,Australia/Melbourne
20872,Epping,Whittlesea,3076,VIC,Victoria,Major Urban locality,Whittlesea (City),Greater Melbourne,133,32395,30212,35.274,-37.64299,145.01026,Australia/Melbourne
21648,Mernda,Whittlesea,3754,VIC,Victoria,Major Urban locality,Whittlesea (City),Greater Melbourne,190,16458,40352,23.823,-37.59224,145.08163,Australia/Melbourne
22761,Whittlesea,Whittlesea,3757,VIC,Victoria,Urban locality,Whittlesea (City),Greater Melbourne,328,5611,32552,106.24,-37.46742,145.14395,Australia/Melbourne
21672,Mill Park,Whittlesea,3082,VIC,Victoria,Major Urban locality,Whittlesea (City),Greater Melbourne,143,29710,30628,13.066,-37.66409,145.06521,Australia/Melbourne
22492,Thomastown,Whittlesea,3074,VIC,Victoria,Major Urban locality,Whittlesea (City),Greater Melbourne,112,20523,22100,14.744,-37.68322,145.01152,Australia/Melbourne
21443,Lalor,Whittlesea,3075,VIC,Victoria,Major Urban locality,Whittlesea (City),Greater Melbourne,122,22594,23244,7.725,-37.66737,145.01335,Australia/Melbourne
21194,Hoppers Crossing,Tarneit - Hoppers Crossing,3029,VIC,Victoria,Major Urban locality,Wyndham (City),Greater Melbourne,25,38701,30056,17.925,-37.86897,144.70068,Australia/Melbourne
22736,Werribee,Werribee - Whyndam Vale,3030,VIC,Victoria,Major Urban locality,Wyndham (City),Greater Melbourne,26,40345,30784,42.885,-37.90788,144.64562,Australia/Melbourne
22439,Tarneit,Tarneit - Hoppers Crossing,3029,VIC,Victoria,Major Urban locality,Wyndham (City),Greater Melbourne,53,34562,37284,38.19,-37.83638,144.66432,Australia/Melbourne
21468,Laverton North,Tarneit - Hoppers Crossing,3026,VIC,Victoria,Major Urban locality,Wyndham (City),Greater Melbourne,26,73,29120,15.461,-37.8336,144.78698,Australia/Melbourne
22777,Williams Landing,Tarneit - Hoppers Crossing,3027,VIC,Victoria,Major Urban locality,Wyndham (City),Greater Melbourne,19,6646,45656,3.833,-37.86309,144.74422,Australia/Melbourne
22868,Wyndham Vale,Werribee - Whyndam Vale,3024,VIC,Victoria,Major Urban locality,Wyndham (City),Greater Melbourne,51,23273,36036,42.101,-37.85891,144.60343,Australia/Melbourne
20002,Abbotsford,Yarra,3067,VIC,Victoria,Major Urban locality,Yarra (City),Greater Melbourne,15,8184,55536,1.741,-37.80387,145.00358,Australia/Melbourne
20827,East Warburton,Yarra Ranges,3799,VIC,Victoria,Urban locality,Yarra Ranges (Shire),Greater Melbourne,465,864,25480,168.699,-37.69346,145.79002,Australia/Melbourne
22676,Warburton,Yarra Ranges,3799,VIC,Victoria,Urban locality,Yarra Ranges (Shire),Greater Melbourne,579,2012,26416,132.544,-37.73452,145.70883,Australia/Melbourne
22074,Point Cook,Werribee - Whyndam Vale,3030,VIC,Victoria,Major Urban locality,Wyndham (City),Greater Melbourne,15,49929,42692,44.992,-37.90542,144.74287,Australia/Melbourne
21495,Lilydale,Yarra Ranges,3140,VIC,Victoria,Major Urban locality,Yarra Ranges (Shire),Greater Melbourne,212,16531,34528,29.174,-37.76167,145.37116,Australia/Melbourne
20918,Fitzroy,Yarra,3065,VIC,Victoria,Major Urban locality,Yarra (City),Greater Melbourne,36,10445,48100,1.42,-37.80092,144.97919,Australia/Melbourne
21743,Mooroolbark,Yarra Ranges,3138,VIC,Victoria,Major Urban locality,Yarra Ranges (Shire),Greater Melbourne,107,21967,35672,12.502,-37.78059,145.32583,Australia/Melbourne
20236,Big Pats Creek,Yarra Ranges,3799,VIC,Victoria,Urban locality,Yarra Ranges (Shire),Greater Melbourne,255,73,26936,10.991,-37.7638,145.76124,Australia/Melbourne
22158,Richmond,Yarra,3121,VIC,Victoria,Major Urban locality,Yarra (City),Greater Melbourne,19,27705,56264,4.431,-37.82212,145.00286,Australia/Melbourne
20612,Collingwood,Yarra,3066,VIC,Victoria,Major Urban locality,Yarra (City),Greater Melbourne,26,8513,50388,1.267,-37.80195,144.98808,Australia/Melbourne
20416,Burnley,Yarra,3121,VIC,Victoria,Major Urban locality,Yarra (City),Greater Melbourne,17,769,58604,1.102,-37.82978,145.01726,Australia/Melbourne
20665,Cremorne,Yarra,3121,VIC,Victoria,Major Urban locality,Yarra (City),Greater Melbourne,13,2018,70408,0.68,-37.82946,144.99293,Australia/Melbourne
20571,Clifton Hill,Yarra,3068,VIC,Victoria,Major Urban locality,Yarra (City),Greater Melbourne,42,6341,58604,1.739,-37.78971,144.99682,Australia/Melbourne
20609,Coldstream,Yarra Ranges,3770,VIC,Victoria,Major Urban locality,Yarra Ranges (Shire),Greater Melbourne,74,2164,35620,55.614,-37.70318,145.40403,Australia/Melbourne
22110,Princes Hill,Yarra,3054,VIC,Victoria,Major Urban locality,Yarra (City),Greater Melbourne,44,2126,46228,0.433,-37.78191,144.966,Australia/Melbourne
20763,Don Valley,Yarra Ranges,3139,VIC,Victoria,Urban locality,Yarra Ranges (Shire),Greater Melbourne,246,576,32240,15.089,-37.73439,145.59205,Australia/Melbourne
21674,Millgrove,Yarra Ranges,3799,VIC,Victoria,Urban locality,Yarra Ranges (Shire),Greater Melbourne,230,1653,25324,9.364,-37.74406,145.64848,Australia/Melbourne
21464,Launching Place,Yarra Ranges,3139,VIC,Victoria,Urban locality,Yarra Ranges (Shire),Greater Melbourne,118,2394,34164,36.117,-37.78102,145.57765,Australia/Melbourne
22739,Wesburn,Yarra Ranges,3799,VIC,Victoria,Urban locality,Yarra Ranges (Shire),Greater Melbourne,458,1019,30212,41.278,-37.76717,145.66509,Australia/Melbourne
22607,Upwey,Yarra Ranges,3158,VIC,Victoria,Major Urban locality,Yarra Ranges (Shire),Greater Melbourne,242,6652,38688,6.217,-37.90475,145.32731,Australia/Melbourne
22464,Tecoma,Yarra Ranges,3160,VIC,Victoria,Major Urban locality,Yarra Ranges (Shire),Greater Melbourne,216,2082,38324,1.815,-37.90684,145.34181,Australia/Melbourne
20187,Belgrave,Yarra Ranges,3160,VIC,Victoria,Major Urban locality,Yarra Ranges (Shire),Greater Melbourne,222,3929,38740,4.077,-37.91101,145.35595,Australia/Melbourne
20188,Belgrave Heights,Yarra Ranges,3160,VIC,Victoria,Major Urban locality,Yarra Ranges (Shire),Greater Melbourne,184,1360,35412,2.356,-37.92603,145.34355,Australia/Melbourne
20189,Belgrave South,Yarra Ranges,3160,VIC,Victoria,Major Urban locality,Yarra Ranges (Shire),Greater Melbourne,196,1645,36348,12.698,-37.94151,145.35658,Australia/Melbourne
21997,Olinda,Yarra Ranges,3788,VIC,Victoria,Major Urban locality,Yarra Ranges (Shire),Greater Melbourne,538,1738,38064,17.752,-37.85288,145.37679,Australia/Melbourne
22247,Selby,Yarra Ranges,3159,VIC,Victoria,Major Urban locality,Yarra Ranges (Shire),Greater Melbourne,244,1652,37960,6.558,-37.91764,145.37693,Australia/Melbourne
22489,The Patch,Yarra Ranges,3792,VIC,Victoria,Major Urban locality,Yarra Ranges (Shire),Greater Melbourne,309,1065,37024,3.976,-37.89126,145.40518,Australia/Melbourne
21278,Kallista,Yarra Ranges,3791,VIC,Victoria,Major Urban locality,Yarra Ranges (Shire),Greater Melbourne,402,1437,37804,12.053,-37.89966,145.40358,Australia/Melbourne
20912,Ferny Creek,Yarra Ranges,3786,VIC,Victoria,Major Urban locality,Yarra Ranges (Shire),Greater Melbourne,516,1518,38116,4.515,-37.87549,145.33421,Australia/Melbourne
21775,Mount Dandenong,Yarra Ranges,3767,VIC,Victoria,Major Urban locality,Yarra Ranges (Shire),Greater Melbourne,597,1251,35724,7.936,-37.83626,145.35106,Australia/Melbourne
22228,Sassafras,Yarra Ranges,3787,VIC,Victoria,Major Urban locality,Yarra Ranges (Shire),Greater Melbourne,462,1061,38792,4.031,-37.86425,145.34513,Australia/Melbourne
22267,Sherbrooke,Yarra Ranges,3789,VIC,Victoria,Major Urban locality,Yarra Ranges (Shire),Greater Melbourne,429,265,35724,6.659,-37.89046,145.35764,Australia/Melbourne
21279,Kalorama,Yarra Ranges,3766,VIC,Victoria,Major Urban locality,Yarra Ranges (Shire),Greater Melbourne,407,1239,39624,8.466,-37.81713,145.38208,Australia/Melbourne
21724,Montrose,Yarra Ranges,3765,VIC,Victoria,Major Urban locality,Yarra Ranges (Shire),Greater Melbourne,237,6761,35828,11.03,-37.8172,145.3488,Australia/Melbourne
22563,Tremont,Yarra Ranges,3785,VIC,Victoria,Major Urban locality,Yarra Ranges (Shire),Greater Melbourne,414,77,52884,5.512,-37.87827,145.31717,Australia/Melbourne
21783,Mount Evelyn,Yarra Ranges,3796,VIC,Victoria,Major Urban locality,Yarra Ranges (Shire),Greater Melbourne,201,9702,35256,16.989,-37.7875,145.38903,Australia/Melbourne
22660,Wandin North,Yarra Ranges,3139,VIC,Victoria,Major Urban locality,Yarra Ranges (Shire),Greater Melbourne,184,3051,34892,16.624,-37.77942,145.42959,Australia/Melbourne
20096,Badger Creek,Yarra Ranges,3777,VIC,Victoria,Urban locality,Yarra Ranges (Shire),Greater Melbourne,153,1563,29952,8.975,-37.68797,145.53809,Australia/Melbourne
20557,Chum Creek,Yarra Ranges,3777,VIC,Victoria,Urban locality,Yarra Ranges (Shire),Greater Melbourne,185,983,32916,22.487,-37.6067,145.4856,Australia/Melbourne
22895,Yarra Glen,Yarra Ranges,3775,VIC,Victoria,Urban locality,Yarra Ranges (Shire),Greater Melbourne,83,2869,37440,35.177,-37.64994,145.37841,Australia/Melbourne
22253,Seville East,Yarra Ranges,3139,VIC,Victoria,Urban locality,Yarra Ranges (Shire),Greater Melbourne,102,797,36348,9.698,-37.78259,145.50328,Australia/Melbourne
22252,Seville,Yarra Ranges,3139,VIC,Victoria,Urban locality,Yarra Ranges (Shire),Greater Melbourne,207,2378,36088,21.377,-37.79813,145.47412,Australia/Melbourne
